Tamanho,Tempos
100,0.0
100,0.0
100,0.0009968280792236
100,0.0
100,0.0
100,0.0
100,0.0010058879852294
100,0.0
100,0.0
100,0.0
500,0.0010085105895996
500,0.0
500,0.0
500,0.0
500,0.0
500,0.0
500,0.0010056495666503
500,0.0
500,0.0
500,0.0
1000,0.0010035037994384766
1000,0.0
1000,0.0
1000,0.0
1000,0.0
1000,0.001003265380859375
1000,0.0
1000,0.001003265380859375
1000,0.0
1000,0.0
