Tamanho,Tempos,Pacotes
100,812.5322587490082,2438079
100,690.5847735404968,2438079
100,745.7859869003296,2438079
100,694.8258230686188,2438079
100,731.4545750617981,2438079
100,718.3218789100647,2438079
100,801.5563843250275,2438079
100,711.5698075294495,2438079
100,695.7826945781708,2438079
100,735.9321341514587,2438079
