Tamanho,Tempos,Pacotes
100,0.0135805606842041,3
100,0.0148468017578125,3
100,0.0045936107635498,3
100,0.0034394264221191,3
100,0.009028673171997,3
100,0.0040137767791748,3
100,0.0061855316162109,3
100,0.0036127567291259,3
100,0.0039873123168945,3
100,0.0047016143798828,3
500,0.0,1
500,0.0,1
500,0.0,1
500,0.0,1
500,0.0,1
500,0.0,1
500,0.0,1
500,0.0,1
500,0.0,1
500,0.0,1
1000,0.0,1
1000,0.0,1
1000,0.0,1
1000,0.0,1
1000,0.0,1
1000,0.0,1
1000,0.0,1
1000,0.0,1
1000,0.0,1
1000,0.0,1
